column,dtype,missing_pct,unique_count,samples
acn_num_ACN,object,0.0,38655,"['1574675', '1224894', '1134202', '1222074', '1733019']"
Time_Date,object,0.0,111,"['201808', '201412', '201312', '201411', '202003']"
Time.1_Local Time Of Day,object,0.0,6,"['0601-1200', '1201-1800', '1801-2400', '0001-0600', '']"
Place_Locale Reference,object,0.0,2019,"['SNA.Airport', 'MSY.Airport', 'ZZZ.ARTCC', 'CWA.Airport', 'ZDV.ARTCC']"
Place.1_State Reference,object,0.0,69,"['CA', 'LA', 'US', 'WI', 'CO']"
Place.2_Relative Position.Angle.Radial,object,0.0,245,"['', '250.0', '295.0', '210.0', '180.0']"
Place.3_Relative Position.Distance.Nautical Miles,object,0.0,150,"['', '20.0', '3.0', '10.0', '5.0']"
Place.4_Altitude.AGL.Single Value,object,0.0,162,"['', '1000.0', '0.0', '30.0', '700.0']"
Place.5_Altitude.MSL.Single Value,object,0.0,495,"['5000.0', '', '2600.0', '4000.0', '32000.0']"
Environment_Flight Conditions,object,0.0,5,"['', 'VMC', 'IMC', 'Mixed', 'Marginal']"
Environment.1_Weather Elements / Visibility,object,0.0,907,"['', 'Fog; Rain; 0.5', 'Icing; Snow; 0.5', 'Turbulence', '10']"
Environment.2_Work Environment Factor,object,0.0,12,"['', 'Poor Lighting', 'Temperature - Extreme', 'Excessive Humidity; Temperature - Extreme', 'Poor Lighting; Temperature - Extreme']"
Environment.3_Light,object,0.0,5,"['Daylight', '', 'Dawn', 'Night', 'Dusk']"
Environment.4_Ceiling,object,0.0,159,"['', '300', '5100', '40000', 'CLR']"
Environment.5_RVR.Single Value,object,0.0,75,"['', '10', '10000', '2000', '/']"
Aircraft 1_ATC / Advisory,object,0.0,2095,"['TRACON SCT', 'Tower MSY', 'Center ZZZ', 'Center ZMP', 'Center ZDV']"
Aircraft 1.1_Aircraft Operator,object,0.0,83,"['Air Carrier', 'Personal', '', 'Corporate', 'Government']"
Aircraft 1.2_Make Model Name,object,0.0,575,"['B737-700', 'EMB ERJ 145 ER/LR', 'SR22', 'Baron 58/58TC', 'B737-800']"
Aircraft 1.3_Aircraft Zone,object,0.0,4,"['', 'x', 'none', '1']"
Aircraft 1.4_Crew Size,object,0.0,7,"['2.0', '1.0', '', '4.0', '3.0']"
Aircraft 1.5_Operating Under FAR Part,object,0.0,29,"['Part 121', 'Part 91', '', 'Part 135', 'Other 107']"
Aircraft 1.6_Flight Plan,object,0.0,6,"['IFR', '', 'None', 'VFR', 'DVFR']"
Aircraft 1.7_Mission,object,0.0,125,"['Passenger', 'Personal', '', 'Training', 'Utility / Infrastructure']"
Aircraft 1.8_Nav In Use,object,0.0,665,"['FMS Or FMC; GPS', '', 'Localizer/Glideslope/ILS Runway 8', 'GPS; FMS Or FMC', 'GPS; Localizer/Glideslope/ILS Runway 12']"
Aircraft 1.9_Flight Phase,object,0.0,351,"['Initial Approach', 'Final Approach', 'Descent', 'Cruise', 'Landing']"
Aircraft 1.10_Route In Use,object,0.0,2161,"['', 'Direct', 'Vectors', 'Visual Approach', 'Vectors; STAR LYNXX8']"
Aircraft 1.11_Airspace,object,0.0,1664,"['Class C SNA', 'Class B MSY', 'Class B ZZZ; Class C ZZZ; Class D ZZZ', 'Class E ZMP', 'Class A ZDV']"
Aircraft 1.12_Maintenance Status.Maintenance Deferred,object,0.0,3,"['', 'N', 'Y']"
Aircraft 1.13_Maintenance Status.Records Complete,object,0.0,3,"['', 'N', 'Y']"
Aircraft 1.14_Maintenance Status.Released For Service,object,0.0,3,"['', 'N', 'Y']"
Aircraft 1.15_Maintenance Status.Required / Correct Doc On Board,object,0.0,3,"['', 'N', 'Y']"
Aircraft 1.16_Maintenance Status.Maintenance Type,object,0.0,3,"['', 'Scheduled Maintenance', 'Unscheduled Maintenance']"
Aircraft 1.17_Maintenance Status.Maintenance Items Involved,object,0.0,135,"['', 'Inspection', 'Work Cards; Inspection', 'Installation; Testing', 'Repair']"
Aircraft 1.18_Cabin Lighting,object,0.0,5,"['', 'Low', 'High', 'Medium', 'Off']"
Aircraft 1.19_Number Of Seats.Number,object,0.0,42,"['', '128.0', '310.0', '140.0', '288.0']"
Aircraft 1.20_Passengers On Board.Number,object,0.0,51,"['', '100.0', '210.0', '6.0', '288.0']"
Aircraft 1.21_Crew Size Flight Attendant.Number Of Crew,object,0.0,15,"['', '4.0', '10.0', '5.0', '13.0']"
Aircraft 1.22_Airspace Authorization Provider (UAS),object,0.0,4,"['', 'Authorized Third Party', 'Other unknown approval', 'FAA Authorization']"
Aircraft 1.23_Operating Under Waivers / Exemptions / Authorizations (UAS),object,0.0,3,"['', 'Y', 'N']"
Aircraft 1.24_Waivers / Exemptions / Authorizations (UAS),object,0.0,7,"['', '107.31', '107.35', 'Other Military COA', 'Blanket COA']"
Aircraft 1.25_Airworthiness Certification (UAS),object,0.0,4,"['', 'Standard', 'Special', 'Special Authorization / Section 44807']"
Aircraft 1.26_Weight Category (UAS),object,0.0,5,"['', 'Micro', 'Small', 'Large', 'Medium']"
Aircraft 1.27_Configuration (UAS),object,0.0,4,"['', 'Multi-Rotor', 'Fixed Wing', 'Hybrid']"
Aircraft 1.28_Flight Operated As (UAS),object,0.0,3,"['', 'VLOS', 'BVLOS']"
Aircraft 1.29_Flight Operated with Visual Observer (UAS),object,0.0,3,"['', 'N', 'Y']"
Aircraft 1.30_Control Mode (UAS),object,0.0,5,"['', 'Manual Control', 'Autonomous / Fully Automated', 'Transitioning Between Modes', 'Waypoint Flying']"
Aircraft 1.31_Flying In / Near / Over (UAS),object,0.0,34,"['', 'Open Space / Field', 'People / Populated Areas; Private Property', 'Airport / Aerodrome / Heliport; Other Stadium', 'Private Property; People / Populated Areas; Open Space / Field']"
Aircraft 1.32_Passenger Capable (UAS),object,0.0,2,"['', 'N']"
Aircraft 1.33_Type (UAS),object,0.0,3,"['', 'Purchased', 'Homebuilt / Custom']"
Aircraft 1.34_Number of UAS Being Controlled (UAS),object,0.0,3,"['', 'Number of UAS 1', 'Number of UAS 24']"
Component_Aircraft Component,object,0.0,507,"['', 'PFD', 'Pitot/Static Ice System', 'Pressurization System', 'Engine']"
Component.1_Manufacturer,object,0.0,138,"['', 'Boeing', 'Bombardier / Canadair', 'Apple', 'Airbus']"
Component.2_Aircraft Reference,object,0.0,5,"['', 'X', 'Z', 'Y', 'Other X']"
Component.3_Problem,object,0.0,26,"['', 'Malfunctioning', 'Failed', 'Improperly Operated', 'Design']"
Aircraft 2_ATC / Advisory,object,0.0,903,"['', 'Tower ZZZ', 'Tower PRC', 'Ground CLT', 'CTAF CEW']"
Aircraft 2.1_Aircraft Operator,object,0.0,38,"['', 'Air Carrier', 'FBO', 'Military', 'Personal']"
Aircraft 2.2_Make Model Name,object,0.0,343,"['', 'UAV - Unpiloted Aerial Vehicle', 'A320', 'Small Aircraft; High Wing; 1 Eng; Fixed Gear', 'Hercules (C-130)/L100/382']"
Aircraft 2.4_Crew Size,object,0.0,8,"['', '2.0', '1.0', '3.0', '10.0']"
Aircraft 2.5_Operating Under FAR Part,object,0.0,17,"['', 'Part 121', 'Part 91', 'Part 135', 'Part 129']"
Aircraft 2.6_Flight Plan,object,0.0,5,"['', 'IFR', 'None', 'VFR', 'SVFR']"
Aircraft 2.7_Mission,object,0.0,55,"['', 'Passenger', 'Training', 'Personal', 'Banner Tow']"
Aircraft 2.8_Nav In Use,object,0.0,83,"['', 'FMS Or FMC; GPS', 'FMS Or FMC', 'Localizer/Glideslope/ILS Runway 32', 'GPS; FMS Or FMC']"
Aircraft 2.9_Flight Phase,object,0.0,92,"['', 'Landing', 'Initial Approach', 'Taxi', 'Final Approach']"
Aircraft 2.10_Route In Use,object,0.0,172,"['', 'None', 'Visual Approach', 'SID TERPZ 6', 'Vectors']"
Aircraft 2.11_Airspace,object,0.0,881,"['', 'Class B MSY', 'Class B ZZZ', 'Class D PRC', 'Class D MRI']"
Aircraft 2.12_Maintenance Status.Maintenance Deferred,object,0.0,3,"['', 'N', 'Y']"
Aircraft 2.14_Maintenance Status.Released For Service,object,0.0,2,"['', 'Y']"
Aircraft 2.16_Maintenance Status.Maintenance Type,object,0.0,3,"['', 'Scheduled Maintenance', 'Unscheduled Maintenance']"
Aircraft 2.17_Maintenance Status.Maintenance Items Involved,object,0.0,5,"['', 'Work Cards', 'Installation; Work Cards', 'Installation', 'Inspection; Repair']"
Aircraft 2.23_Operating Under Waivers / Exemptions / Authorizations (UAS),object,0.0,2,"['', 'N']"
Aircraft 2.24_Waivers / Exemptions / Authorizations (UAS),object,0.0,2,"['', 'Other unknown']"
Aircraft 2.26_Weight Category (UAS),object,0.0,3,"['', 'Large', 'Small']"
Aircraft 2.27_Configuration (UAS),object,0.0,3,"['', 'Fixed Wing', 'Multi-Rotor']"
Aircraft 2.28_Flight Operated As (UAS),object,0.0,2,"['', 'BVLOS']"
Aircraft 2.31_Flying In / Near / Over (UAS),object,0.0,5,"['', 'Aircraft / UAS', 'Airport / Aerodrome / Heliport; Aircraft / UAS', 'Aircraft / UAS; Airport / Aerodrome / Heliport', 'Aircraft / UAS; Emergency Services']"
Aircraft 2.34_Number of UAS Being Controlled (UAS),object,0.0,2,"['', 'Number of UAS 1']"
Person 1_Location Of Person,object,0.0,659,"['Aircraft X', 'Facility ZZZ.Tower', 'Facility PRC.Tower', 'Hangar / Base', 'Facility ZMA.ARTCC']"
Person 1.1_Location In Aircraft,object,0.0,117,"['Flight Deck', '', 'Cabin Jumpseat', 'General Seating Area', 'Other Cargo compartment loading']"
Person 1.2_Reporter Organization,object,0.0,57,"['Air Carrier', 'Personal', 'Government', 'Contracted Service', '']"
Person 1.3_Function,object,0.0,457,"['Pilot Flying; First Officer', 'Pilot Not Flying; Captain', 'Pilot Flying; Single Pilot', 'Single Pilot', 'First Officer']"
Person 1.4_Qualification,object,0.0,752,"['Flight Crew Multiengine; Flight Crew Air Transport Pilot (ATP); Flight Crew Instrument', '', 'Flight Crew Commercial; Flight Crew Flight Instructor; Flight Crew Instrument', 'Flight Crew Multiengine; Flight Crew Private; Flight Crew Instrument', 'Flight Crew Air Transport Pilot (ATP)']"
Person 1.5_Experience,object,0.0,15230,"['Flight Crew Last 90 Days 175; Flight Crew Type 1900', '', 'Flight Crew Last 90 Days 50; Flight Crew Total 600; Flight Crew Type 100', 'Flight Crew Last 90 Days 100; Flight Crew Total 1800; Flight Crew Type 700', 'Air Traffic Control Time Certified In Pos 1 (yrs) 6']"
Person 1.6_Cabin Activity,object,0.0,45,"['', 'Service', 'Safety Related Duties', 'Safety Related Duties; Boarding', 'Boarding']"
Person 1.7_Human Factors,object,0.0,3858,"['Situational Awareness', '', 'Human-Machine Interface; Confusion; Situational Awareness', 'Training / Qualification; Distraction; Situational Awareness; Communication Breakdown', 'Communication Breakdown; Confusion']"
Person 1.8_Communication Breakdown,object,0.0,269,"['', 'Party1 ATC; Party2 Flight Crew', 'Party1 Flight Crew; Party2 ATC', 'Party1 Flight Crew; Party2 Flight Crew', 'Party1 Maintenance; Party2 Other']"
Person 1.9_UAS Communication Breakdown,object,0.0,6,"['', 'Party1 Other; Party2 Remote PIC', 'Party1 Remote PIC; Party2 Other', 'Party1 Person Manipulating Controls; Party2 ATC', 'Party1 Remote PIC; Party2 ATC']"
Person 1.10_ASRS Report Number.Accession Number,object,0.0,38653,"['1574675', '1224894', '1134202', '1222074', '1733019']"
Person 2_Location Of Person,object,0.0,209,"['Aircraft X', '', 'Facility ZAU.ARTCC', 'Gate / Ramp / Line', 'Facility LAF.Tower']"
Person 2.1_Location In Aircraft,object,0.0,23,"['Flight Deck', '', 'Other Cargo compartment loading', 'Galley', 'Other Exterior']"
Person 2.2_Reporter Organization,object,0.0,23,"['Air Carrier', '', 'Government', 'Fractional', 'Corporate']"
Person 2.3_Function,object,0.0,213,"['Captain; Pilot Not Flying', '', 'Pilot Flying; Captain', 'Enroute; Supervisor / CIC', 'Pilot Not Flying; Captain']"
Person 2.4_Qualification,object,0.0,237,"['Flight Crew Instrument; Flight Crew Air Transport Pilot (ATP); Flight Crew Multiengine', '', 'Air Traffic Control Fully Certified', 'Flight Crew Air Transport Pilot (ATP)', 'Flight Crew Multiengine; Flight Crew Instrument; Flight Crew Air Transport Pilot (ATP)']"
Person 2.5_Experience,object,0.0,3084,"['Flight Crew Last 90 Days 357', '', 'Flight Crew Last 90 Days 116', 'Air Traffic Control Time Certified In Pos 1 (yrs) 2.75', 'Flight Crew Type 482']"
Person 2.6_Cabin Activity,object,0.0,18,"['', 'Boarding', 'Service', 'Safety Related Duties', 'Deplaning']"
Person 2.7_Human Factors,object,0.0,1376,"['Situational Awareness', '', 'Workload; Troubleshooting; Time Pressure; Situational Awareness; Confusion; Distraction; Fatigue; Communication Breakdown', 'Confusion', 'Communication Breakdown; Confusion; Situational Awareness; Time Pressure; Training / Qualification']"
Person 2.8_Communication Breakdown,object,0.0,109,"['', 'Party1 ATC; Party2 ATC', 'Party1 Flight Crew; Party2 Maintenance; Party2 Flight Crew; Party2 Dispatch', 'Party1 Flight Crew; Party2 Flight Crew', 'Party1 Flight Crew; Party2 ATC; Party2 Flight Crew']"
Person 2.9_UAS Communication Breakdown,object,0.0,2,"['', 'Party1 Other; Party2 ATC']"
Person 2.10_ASRS Report Number.Accession Number,object,0.0,9107,"['1574727.0', '', '1050016.0', '1256325.0', '1427046.0']"
Events_Anomaly,object,0.0,5719,"['Deviation - Altitude Crossing Restriction Not Met; Deviation - Altitude Undershoot; Deviation / Discrepancy - Procedural Published Material / Policy; Deviation / Discrepancy - Procedural Clearance', 'Conflict NMAC', 'Aircraft Equipment Problem Critical; Inflight Event / Encounter CFTT / CFIT; Inflight Event / Encounter Weather / Turbulence', 'Aircraft Equipment Problem Critical', 'Deviation - Altitude Excursion From Assigned Altitude; Deviation - Speed All Types; Deviation / Discrepancy - Procedural Published Material / Policy; Ground Event / Encounter Loss Of Aircraft Control; Inflight Event / Encounter Weather / Turbulence']"
Events.1_Miss Distance,object,0.0,594,"['', 'Horizontal 300; Vertical 0', 'Vertical 200', 'Horizontal 500; Vertical 200', 'Horizontal 250; Vertical 0']"
Events.2_Were Passengers Involved In Event,object,0.0,3,"['', 'N', 'Y']"
Events.3_Detector,object,0.0,228,"['Person Air Traffic Control; Person Flight Crew', 'Person Flight Crew', 'Person Air Traffic Control', 'Person Ground Personnel', 'Automation Aircraft RA; Automation Aircraft TA; Person Flight Crew']"
Events.4_When Detected,object,0.0,451,"['In-flight', '', 'Taxi', 'Routine Inspection', 'Other Post Flight']"
Events.5_Result,object,0.0,5491,"['Air Traffic Control Issued New Clearance; Flight Crew Became Reoriented; Flight Crew Returned To Clearance', 'General None Reported / Taken', 'Air Traffic Control Provided Assistance; Air Traffic Control Issued New Clearance; Flight Crew Overcame Equipment Problem; Flight Crew Became Reoriented; Flight Crew Regained Aircraft Control; Flight Crew Requested ATC Assistance / Clarification', 'Flight Crew Became Reoriented; General Maintenance Action', 'Air Traffic Control Issued New Clearance; Flight Crew Requested ATC Assistance / Clarification; Flight Crew Regained Aircraft Control']"
Assessments_Contributing Factors / Situations,object,0.0,3150,"['Human Factors', 'Human Factors; Aircraft; Procedure; Weather', 'Aircraft', 'Airspace Structure; Weather', 'Human Factors; Procedure; Airport']"
Assessments.1_Primary Problem,object,0.0,19,"['Human Factors', 'Aircraft', 'Weather', 'Procedure', 'Environment - Non Weather Related']"
Report 1_Narrative,object,0.0,38650,"[""SNA RNP-Z to Runway 20R. The FMC was properly programmed and MCP panel [was] in LNAV/VNAV PATH. Upon crossing KLEVR at 5000 FT IAF; we set zeros in the altitude alerter. The aircraft did not descend to cross MNNIE at 4400 FT; next mandatory altitude. I noticed level flight and immediately selected Vertical Speed to try and meet MNNIE at 4400 feet. About the same time; SoCal Approach asked us if we were descending and flying the RNP-Z. The Pilot Monitoring (PM) said 'yes' but asked if we could be cleared the Visual Approach to try and mitigate any problems. SoCal said 'no problem' and gave us a 'heading of 030 and descend to 3000 FT; call the field in sight.' As Pilot Flying (PF); the field was on my side and we had it in sight and called - in sight. At that point we were cleared for the visual and told to contact SNA Tower. The rest of the approach and landing were uneventful and we landed safely on 20R. With short distances between waypoints and mandatory descending altitude restrictions; pilots should be quicker to notice any anomaly and react quickly to stay in/on VNAV PATH even if aircraft does not do it automatically."", ""On base to final turn to runway 1 in MSY at approximately 1;000 feet AGL; we passed within 100 yards (estimated) of an unmanned aerial drone.  The drone was headed west at our altitude and made a quick turn to the south to avoid us.  The drone was a fixed wing; single propeller type commercial unit. It passed off our right wing.  I was the non pilot flying in the left seat.  My First Officer was focused on avoiding a helicopter that had been pointed out to us; so she didn't get as good of a look at the drone as I did.  She did; however; get a good enough look at it to determine that it was in fact an aircraft.  We did not take evasive action because the encounter happened so fast I initially wasn't sure what we had seen.  However; after taking a closer look out the right window; I was able to determine the drone was headed away from us and would be no factor.  I reported this drone encounter to MSY tower; and subsequently followed up with a phone call to the TRACON after landing to relay the specifics. Increase awareness of those who operate drone aircraft in the vicinity of commercial airports as to airspace regulations and possible collision hazards with commercial aircraft.  FAA needs to take action to regulate drone operations; especially within controlled airspace."", ""I climbed to my filed altitude of 5;000 FT; and was right at the top of the clouds. It was kind of bumpy and the temperature was 50+/-. Departure asked me if I wanted 6;000 FT and I accepted. At that point I was in the clear the temperature was 46 +/-. I was expecting the ILS 2L into ZZZ1 and received weather and briefed the approach as necessary. The FPD flashed and I wasn't sure if I had blinked or if it really did. At this point I was VFR on top and all flight instruments were reading correctly. [Center] told me to expect the ILS 10...and I went ahead and made the following change in the aircraft and once again briefed the approach. I was cleared to descend to 4;000 FT and did so without incident. I once again noticed the PFD flickered.... I felt the PFD and it seemed really hot so I figured due to the heat it was messing with the screen. I turned on the fresh air vents and made sure the heat was also turned off in the plane. I was then cleared for the ILS 10 and asked to descend to 2;500 FT which they then corrected to 2;600 FT. The aircraft captured the ILS as it should and I slowed the aircraft to 130 KTS about 10 miles out; and continued to slow the aircraft to the flap range. I was switched to the Tower frequency and I was cleared to land. I went ahead and switched my MFD to the checklist page and did my pre-landing checklist. When I brought up the map screen again I noticed the aircraft was to the right of the ILS localizer. At this time I also noticed the aircraft was in a left turn shown by the PFD attitude indicator; however; the standby indicator showed a right turn. At this point I knew I had a problem. Almost at this exact time the Tower asked me to check my altimeter setting because they had a low altitude report. I then received a check attitude warning annunciator on the PFD. I was not sure what attitude indicator was giving me correct information at that time. At this point the PFD attitude indicator was almost 90 to the left and I quickly decided that it was the wrong one. I felt the aircraft buffet and I knew I was in an autopilot stall. I disconnected the autopilot; I got the nose down and the power in. I struggled not to try to follow it [attitude indicator] because it is so big and right in front of me. I let Tower know I was going missed; but at that time I realized my heading indicator was incorrect as well. Tower wanted me to make a right turn to 180 and maintain 3;000 FT. I knew where VFR conditions were and that was where I needed to get. After regaining control of the aircraft using my three standby instruments; I asked to climb to 5;000 FT. I struggled with my heading because of the compass location in the aircraft. As I was climbing to VFR conditions I was going through my checklist for failures. When I broke out I went ahead and reset everything hoping that it would right itself but it did not. I went ahead and reduced power to conserve fuel and climbed so I could keep leaning out my aircraft. The entire Midwest was low IMC. After running through my entire checklist and determining that I could safely make a GPS approach I asked Center for anyone with minimums good enough for a GPS approach. I chose ZZZ2 and using GPS and my standby instruments; I safely landed with my PFD red X'd out."", ""I had my pitot heat checked prior to winter and on prior flights. I was above icing at 10;000 ft. As I descended into minimal icing below 8000 ft. the pitot heat failed and the pitot tube iced up. I lost airspeed indication. This is a minor event with GPS ground speed on 2 GPS units to compensate. However within moments the AHRS started to malfunction and started intermittently cutting off heading information. Then at times it gave other error messages; flagged erroneous attitude indications and started falsely indicating 'dangerous' attitudes even during normal standard rate turns in the holding pattern. At one or two points the entire glass panel instrument display gave a fault and sit off all instruments (attitude; heading; HSI; glide slope; altimeter; etc.) requiring use of backup instruments. I was able to fly and complete the ILS approach using the intermittent indications; the GPS's (2) and backup indicators to minimums (300 ft.; 1/2) uneventfully. I contacted the avionics shop who advised me that loss of PITOT input ALONE can cause complete loss of AHRS FUNCTION; all modalities. The pitot tube was replaced and on the next flight I have had no problem. If this is true and loss of a pitot tube input can cause complete loss of the AHRS - loss of heading; attitude; HSI; altimeter; other vital indicators - especially in low IFR - this can become a very dangerous situation!! This is very bad engineering design without proper failsafe design. Loss of airspeed should allow a default mode that preserves indications of attitude; airspeed; the HSI; etc.!!!! This fault of the DESIGN could become life threatening to the pilot from what used to be a TRIVIAL problem in the past. The engineers can redesign this to have bester failsafe performance!"", ""At 32000 ft. just north of PUB the aircraft experienced Moderate to Severe turbulence. About 10 minutes before the incident the aircraft was in continuous light chop due to cloud tops. Seatbelt sign was on and PA was made by Pilot Monitoring and Pilot Flying reduced thrust to Mach .76. Pilot Monitoring contacted ATC for rides above; at about that time the airspeed began to show a decreasing trend and the Pilot Flying added power to adjust; airspeed continued to decrease and the Pilot Flying added even more power. At about that time the turbulence started and the right wing dropped and aircraft bank angles showed in excess of 50 degrees kicking off autopilot. Airspeed loss was an excess of 30-40 kts. whereby Pilot Flying applied max power. Barber poles came together however no overspeed or stall warning occurred. The aircraft lost at least 500 ft. during upset recovery with no excessive force to the aircraft. After recovery Pilot Monitoring requested an immediate climb due to Moderate to Severe turbulence up to 36000 ft. and was given 33000 ft. ATC gave us a frequency change and got an immediate climb to 36000 ft.; with no further incident.  During upset recovery aircraft lost at least 500 ft. This is an approximate guess by the pilots since the loss of airspeed and power at firewall along with excessive bank angles were in the primary scan. ATC gave an immediate climb clearance and crew complied. No further action was taken. Keep seat belt sign on when crossing know turbulent areas like over the Rockies; even when weather radar; and ATC aren't reporting anything. Keep the Flight Attendant's informed and always give those important PA's to passengers 'when seated to keep those seatbelts securely fastened in case we hit any unexpected turbulence'. Because it really does happen!""]"
Report 1.1_Callback,object,0.0,1175,"['', 'Reporter stated flight crews have two oxygen bottles located in the Main Equipment Center (MEC) under the cockpit floor. Bottles are made of composite materials with a valve head on the bottle that is different from earlier composite bottles. Mechanics must shut off both bottles when servicing either bottle to prevent loss of oxygen from bottle not being serviced. Bottles have to be removed for oxygen servicing; requiring a two-person effort. No scratches or dents are allowed on any bottle.Reporter stated his air carrier went to an all metal box for transporting their oxygen bottles because they are shipped pressurized on aircraft with 2;000 pounds of pressure. The containers are designed to handle heat and bottle pressures. They recently identified the cause of the damaged oxygen gauges on the bottles to be from the plastic shipping containers that had previously been used to ship oxygen bottles by ground; but are still used for storing them. The B787 composite bottles were not secured in the plastic containers and would slide around inside. Damage to the bottle valve head and gauge was more likely to occur when the plastic box was stood up on one end. His air carrier has already accomplished a Fleet Campaign and found one bottle installed with the bent pressure gauge. Almost all of the bent; damaged bottle gauges were found to be leaking oxygen.', 'The reporter clarified the location of the antennas on a ridge line about 7 NM southwest of the field.', 'Reporter stated the aft Flight Attendant called him after she started noticing an odor that smelled like overheated; melting plastic coming from one of the aft lavatory light fixtures on an A320 aircraft. Concerns about potential cabin smoke or fire developing could have been a greater issue if pulling the Circuit Breakers (C/B) for the aft lavatories Emergency Lights had not shut the lights off and stopped the odor.', 'Reporter is concerned of a wider problem associated with the amount of water and the visibility out the window relating to window wipers. He suggested using rain repellent like product; but then mentioned problems with possible fumes and possible Boeing warranty issues. Reporter recommended testing in a wind tunnel to adjust the window angle. Reporter was asked if it is a problem associated only to the NG series aircraft. Reporter stated the early B737 model had a button inside the cockpit by the window wiper that squirted rain repellent fluid on the window. Reporter also stated that newer aircraft have a film on the window to work like rain repellent; but it wears out in a year or so.']"
Report 2_Narrative,object,0.0,6924,"[""We were cleared for the RNP RNAV Z 20R Approach and level at 5000 feet. We were in visual conditions; and just using the approach for ease of use. We had zeros set after the initial approach fix and in LNAV/VNAV PATH. After crossing KLEVR; the aircraft did not descend. We noticed it quickly; and the Pilot Flying intervened by using Vertical Speed to catch the profile. Very shortly after we began to intervene; ATC asked us if we were doing the RNP Z Approach. I told him we were; but the aircraft wasn't doing what we were wanting or expecting it to do; and I asked if he could vector us for the visual approach. He gave us a heading and altitude to fly. He asked if we had the airport; which we did; and he cleared us for the visual. We landed without incident. In the future; I need to monitor more closely; and not let the good weather lull me into complacency. If we're cleared for an approach; I will monitor it better."", '', ""Our aircraft was on a 170 degree heading at 5;000 feet MSL. We were IMC and on a vector off of the LYNXX 8 STAR into BUR. We had previously received a TCAS TA from traffic that had leveled off at 6;000 feet MSL. Our heading had placed us over terrain that peaked at 3;800 feet MSL (Oat Mountain); which was about 13 NM NW of BUR. Simultaneously; SoCal issued a Traffic Alert for that same traffic; we entered VMC conditions and spotted the traffic (appeared to be a Stearman); a TCAS RA 'Descend; Descend;' which was followed immediately by an 'Increase Descent.' I disengaged the autopilot and autothrust and began a descent; but immediately increased descent rate with the 'Increase Descent' call from the TCAS. The non-communicating traffic appeared to be 'scud running' by starting a sharp descending turn in front of us and heading southeast. I descended to 4;000 feet MSL with an avoidance turn to a heading of 190. In the commotion; my First Officer and I never heard the 'Clear of Conflict' call; but the display was clear. We advised SoCal of the deviation and our heading/altitude. The Controller cleared us to maintain 4;000 feet MSL with a vector to intercept the ILS to Runway 8. The Controller advised us that the traffic was inbound to VNY and was going to get a talking to by the Tower. We continued the approach and landing without further incident."", ""I (the Front Line Manager (FLM) of the Northeast Area) received a call about 3 or 4 minutes prior to the WIANG A/B/C military airspace going active from FL180 through FL240 (normal stratum) from ZAU's Traffic Management's military line.  They were asking if we could extend the WIANGs airspace up to FL290.  I told them that I would have to check with the controllers that it affected and to see if there was any aircraft in or about to overfly the WIANGs (240B290).  TMU told me to notify the North Area once I had an answer and that they would follow through with the coordination. When I asked all the controllers; they were fine with it and there was no traffic (at that time).I walked down to the North Area (which is the next aisle down) and told the FLM that we were good with it. This FLM was not a FLM from another area; had little to no familiarity with the North Area; and was placed in the North Area to have FLM coverageMinutes later I had the trainer from the Pullman sector (#25) walk up to me at the Northeast Area desk asking about what was going on with the WIANGs.  I asked him what he meant.  He told me that there was two Aircraft X types about to fly through at FL250.  I walked over to the Pullman (#25) and Fremont (#24) sectors and told them that the airspace was released FL180 through FL290.  The trainee at the Fremont sector told me that they were just told from the North Area controller that the planes could go through at FL250.  They said that a tanker only wanted FL270 through FL290 and that planes could go through at FL250 and FL260.However; we released 180B290 and that is what Minneapolis Center and the military coordinator believes was active.  I ran down to the North Area and barked at them that they needed to turn the aircraft out and re-explained the situation.  I then got into an argument with the controller (radar and radar associate position combined) and two other controllers.  He kept saying that it was okay that the tanker was 270B290 and the remainder of the WIANGs were 180B240.  I asked him how the fighters were going to get to the tanker (because VOLK Air Force Base and ZMP were the only ones controlling the airspace and talking to the fighters and tanker).The North Area FLM then re-instructed them to get those planes away from there and he said that he needed a D-side immediately.  The training team at the adjacent sector ceased training on their D-Side and the trainer slid over and jumped on the D-side to help.The Aircraft X aircraft flew into the WIANG A/B/C airspace at FL250 before being issued turns to exit the airspace.Additionally; the SAMS website was not updated and the ERAM/EDST only displayed 180B240 which added to the confusion. First; the controllers need to understand that they can't arbitrarily alter airspace once it has been given away without going through proper channels.  The North Area controllers by-passed management and the traffic management units of both ZMP and ZAU.  I think that the North Area needs to receive a briefing; eLMS course; and/or given a presentation explaining the proper procedure for coordinating airspace.  It should explain all of the parties involved and possibly a flow chart of how the request and activation process works.A mandate should be issued and followed that a FLM who has never certified on any positions in a specific area should not be put in charge of that area.  I believe that the FLM-IC was not familiar with the process for activating the military airspace; the airspace of the area (in general); and the people of that area.  The FLM had no respect and received much doubt and second guessing due to him not being from that area.  A FLM from that area would have known all of that and would know how to speak to certain people due to their familiarity.  The FLM staffing is way below guidelines and has been this way for over a year; which has led to many areas not having enough FLMs to cover their areas throughout the week(i.e. 3 FLMs in multiple areas can't cover all the shifts).  Many FLMs are being moved around the facility as 'mystery guests' to different areas and areas that they have no knowledge of. I believe that the entire facility should receive a briefing; an eLMS; and/or a briefing tracker (BT) presentation about ways to recover when an aircraft is about or has already entered military airspace. Methods such as using UHF guard to call in the blind to the military fighters and tanker to warn them about the traffic; using VHF guard to issue headings to the plane to keep them away; having the scheduling office give back airspace temporarily; etc."", '[Report narrative contained no additional information.]']"
Report 2.1_Callback,object,0.0,64,"['', 'The reporter indicated that fuel feed continued from the right wing tank through the engine driven suction fuel pump.', ""Reporter stated the Structural Repair Manual (SRM) requires 2024-T3 ALCLAD Aluminum material for a Repair Doubler fabrication to be installed over cracks found on the L/H Horizontal Stab (H/S) lower inspar skin. The inspar area is the upper and lower sections of the H/S between the Forward and Aft spars and runs outboard from the fuselage to the Horizontal Stab tip. The leading and trailing edges of the H/S are not part of the inspar area.Reporter stated that cracks are being found on the Horizontal Stab lower skin surfaces of many B737-700 aircraft. A repair video showed how the H/S skin tends to flex and bow similar to a shock wave moving across a surface.  The metal skin is Chem-milled and approximately .071' thousandths of an inch thick. The cracks found on the B737-700 aircraft he was working were located about two and a half feet outboard of the fuselage. The Repair Doubler they installed that covers the area of the cracks requires .090' thick 2024-T3 material; but is considered a Temporary Repair requiring Repetative Inspections every 50;000 cycles. A larger repair modification can also be installed using even thicker metal that covers the H/S skin from the fuselage outboard approximately 200' inches; between the H/S Forward and Aft spars.Reporter stated he originally had a gut feeling something didn't appear right with the Repair Doubler metal he was working; but the Material Tag had all the correct information and the Inspector seemed confident they were using 2024-T3 aluminum. The -0 section of 2024-0 stenciling was not visible on the part that was cut for the Repair Doubler.  When he later noticed in the Sheet Metal Shop that a much softer aluminum sheet of 2024-0 had been mis-labeled as 2024-T3; he realized his earlier gut feeling had been correct.  In hindsight; he wished he had pursued further verification by performing a Conductivity Test of the Repair Doubler metal which would have clearly determined the hardness of the aluminum material.Reporter stated the mis-labeled aluminum metal had gone through five levels of verification that included the Vendor certifying the material; his Air Carrier Receiving Inspector; the Mechanic cutting the part; the Inspector involved with the Repair Doubler installation and himself.  The aircraft was grounded and than ferried back to their Maintenance Base for a 'Redo' of the repair. His Air Carrier has changed their Receiving Inspection protocall by adding another Inspector to verify the paperwork matches the material and the material matches the paperwork. He has 23 years in Maintenance and prefers to work Sheet Metal repairs. He was trained by an older Sheet Metal Mechanic who was very knowledgeable and had taught him a lot about sheet metal skills."", 'The reporter believes that the facts were correctly stated in his narrative but would have welcomed a chance to try controlling the aircraft again with his stick.  The Captain deemed the most prudent course to be returning for landing without returning control to the First Officer.', ""The Reporter stated that his flight instruments on ADC 2 operated normally throughout this entire event. The initial failures occurred during the climb in rain and at the time St. Elmo's fire as they diverted around a thunderstorm. The aircraft was probably in a TRW blow off. The most disconcerting event to this reporter was the fact that the engines would not produce rated thrust. They were FADEC fuel systems and so he believes should have switch to ADC 2 when the Captain selected ADC 2 for his instruments. The autopilot when reengaged meandered and maintained neither heading nor altitude accurately. He believes that more than one system was affected because of the aircraft's odd behavior. He has seen an ADC failure before and this did not look like a standard ADC failure.When Maintenance arrived at the aircraft they removed it from service because a similar previous event was in that aircraft's maintenance history. He later found out that both the Captain's pitot tube and the number 1 ADC were changed before the aircraft was returned to service.""]"
Report 1.2_Synopsis,object,0.0,38627,"['B737-700 flight crew reported failing to make a crossing restriction on the RNP-Z Runway 20R approach to SNA.', 'Captain reports sighting of a drone at 1;000 feet during approach to Runway 1 at MSY. No evasive action is taken by the reporter; but the drone appears to turn away.', 'SR22 pilot became disoriented on approach in IMC when PFD began displaying erroneous attitude information. After entering stall buffet and receiving ATC and aircraft low altitude alerts; pilot regained control by using standby attitude instruments; returned to VFR and; with ATC assistance; preceded to an uneventful landing at an alternate field.', 'BE58 pilot experiences pitot heat failure descending through icing conditions at 8000 feet. Within moments the AHRS begins to malfunction along with other components of the glass panel display. Backup instruments and GPS ground speed are used perform an ILS approach to landing. The reporter is informed by his avionics shop that loss of pitot input can cause loss of AHRS function. He believes that the system should be designed to operate normally with loss of pitot input.', 'B737 First Officer reported unexpected moderate to severe turbulence caused a temporary loss of control.']"
